"Date","Price","Open","High","Low","Vol.","Change %"
"09/11/2026","80.22","79.50","81.14","79.49","120.10K","1.06%"
"09/10/2026","79.38","76.61","79.40","76.51","222.08K","3.62%"
"09/09/2026","76.61","75.52","77.30","75.20","109.76K","0.47%"
"09/08/2026","76.25","79.00","79.00","75.68","179.23K","-3.77%"
"09/04/2026","79.24","80.25","80.71","79.10","103.43K","-1.49%"
"09/03/2026","80.44","80.75","81.03","79.00","356.68K","0.06%"
"09/02/2026","80.39","82.09","82.09","79.75","295.67K","-1.22%"
"09/01/2026","81.38","84.04","84.24","80.98","393.19K","-3.72%"
"08/31/2026","84.52","84.73","84.90","83.49","287.91K","-0.72%"
"08/28/2026","85.13","84.00","85.18","83.78","314.54K","1.44%"
"08/27/2026","83.92","85.00","85.00","83.35","310.21K","-1.50%"
"08/26/2026","85.20","86.35","86.35","84.80","174.62K","-0.80%"
"08/25/2026","85.89","84.95","86.84","84.95","103.92K","1.21%"
"08/24/2026","84.86","86.00","87.31","84.50","228.62K","-1.81%"
"08/21/2026","86.42","86.56","87.51","85.64","171.62K","0.42%"
"08/20/2026","86.06","87.50","87.79","85.69","361.31K","-1.97%"
"08/19/2026","87.79","88.76","89.00","87.27","208.89K","-1.12%"
"08/18/2026","88.78","89.00","89.54","87.99","121.98K","-0.12%"
"08/17/2026","88.89","89.15","90.27","88.31","248.86K","-0.41%"
"08/14/2026","89.26","91.89","91.89","89.01","245.54K","-2.55%"
"08/13/2026","91.60","92.91","93.24","90.29","501.03K","-1.39%"
"08/12/2026","92.89","94.38","97.39","92.02","189.90K","-0.83%"
"08/11/2026","93.67","86.27","94.53","86.26","337.92K","8.59%"
"08/10/2026","86.26","86.61","87.00","85.50","86.96K","-0.63%"
"08/07/2026","86.81","87.48","88.03","85.99","75.92K","-0.69%"
"08/06/2026","87.41","88.63","88.63","86.64","68.55K","-1.40%"
"08/05/2026","88.65","88.73","89.88","87.45","54.55K","0.16%"
"08/04/2026","88.51","86.02","88.73","85.66","84.15K","4.76%"
"07/31/2026","84.49","84.21","84.98","84.00","23.00K","-0.33%"
"07/30/2026","84.77","85.54","86.10","84.01","57.18K","-0.95%"
"07/29/2026","85.58","85.52","85.97","84.56","40.18K","-0.62%"
"07/28/2026","86.11","84.72","86.80","84.56","85.12K","1.23%"
"07/27/2026","85.06","86.81","86.81","84.65","61.84K","-0.48%"
"07/24/2026","85.47","85.11","87.15","84.70","34.16K","0.42%"
"07/23/2026","85.11","86.01","86.01","84.33","51.59K","-1.09%"
"07/22/2026","86.05","87.61","88.56","85.34","62.41K","-2.29%"
"07/21/2026","88.07","88.37","89.20","87.01","55.38K","-0.34%"
"07/20/2026","88.37","86.00","88.50","85.95","62.90K","2.73%"
"07/17/2026","86.02","85.99","86.93","85.00","66.04K","-0.51%"
"07/16/2026","86.46","84.20","86.89","84.20","62.70K","2.65%"
"07/15/2026","84.23","84.26","85.47","82.73","45.79K","0.47%"
"07/14/2026","83.84","87.08","87.50","83.33","84.61K","-3.60%"
"07/13/2026","86.97","87.32","88.23","86.49","103.52K","-0.34%"
"07/10/2026","87.27","88.25","88.52","87.17","39.97K","-1.10%"
"07/09/2026","88.24","86.26","90.15","86.26","114.92K","2.35%"
"07/08/2026","86.21","85.55","86.46","84.97","84.05K","-0.83%"
"07/07/2026","86.93","85.59","87.49","85.59","99.46K","0.39%"
"07/06/2026","86.59","87.18","87.20","86.10","29.67K","-0.32%"
"07/03/2026","86.87","85.38","87.25","85.38","48.92K","1.80%"
"07/02/2026","85.33","84.90","85.55","83.92","47.18K","0.72%"
"06/30/2026","84.72","83.02","84.72","83.00","60.16K","1.69%"
"06/29/2026","83.31","81.56","83.65","81.56","66.37K","2.33%"
"06/26/2026","81.41","80.04","81.66","79.90","42.64K","1.34%"
"06/25/2026","80.33","79.99","81.51","79.70","58.98K","1.31%"
"06/24/2026","79.29","80.82","83.37","78.89","136.24K","-2.22%"
"06/23/2026","81.09","80.95","81.76","80.82","48.53K","-0.28%"
"06/22/2026","81.32","81.42","82.34","81.00","30.86K","-0.37%"
"06/19/2026","81.62","82.81","82.81","81.35","17.14K","-1.44%"
"06/18/2026","82.81","81.64","83.31","81.44","35.55K","2.40%"
"06/17/2026","80.87","83.19","84.22","80.40","119.17K","-3.21%"
"06/16/2026","83.55","84.41","84.78","83.33","34.36K","-1.29%"
"06/15/2026","84.64","83.50","85.24","83.49","104.51K","1.76%"
"06/12/2026","83.18","82.00","83.43","82.00","25.42K","1.40%"
"06/11/2026","82.03","80.43","82.16","80.05","24.18K","2.00%"
"06/10/2026","80.42","81.41","81.88","80.08","34.79K","-2.21%"
"06/09/2026","82.24","81.82","83.50","80.94","30.16K","0.64%"
"06/08/2026","81.72","81.61","82.59","81.08","57.00K","0.20%"
"06/05/2026","81.56","82.40","82.40","81.30","31.03K","-1.21%"
"06/04/2026","82.56","81.82","83.12","81.78","69.01K","0.44%"
"06/03/2026","82.20","84.79","85.00","81.80","89.89K","-3.96%"
"06/02/2026","85.59","85.84","86.48","84.70","115.81K","-0.36%"
"06/01/2026","85.90","86.24","86.48","85.30","79.87K","-0.45%"
"05/29/2026","86.29","86.69","87.58","86.23","43.66K","-0.40%"
"05/28/2026","86.64","86.60","87.65","86.00","61.25K","-0.32%"
"05/27/2026","86.92","86.71","88.00","85.51","137.32K","0.74%"
"05/26/2026","86.28","86.76","86.76","84.90","48.47K","0.00%"
"05/25/2026","86.28","85.26","86.35","84.77","40.49K","1.75%"
"05/22/2026","84.80","85.00","85.49","84.12","34.24K","0.11%"
"05/21/2026","84.71","85.05","85.83","84.01","28.84K","-0.89%"
"05/20/2026","85.47","83.07","85.49","82.95","74.81K","3.01%"
"05/19/2026","82.97","82.25","84.11","82.25","87.17K","0.08%"
"05/15/2026","82.90","83.13","84.02","82.13","76.75K","-0.84%"
"05/14/2026","83.60","82.83","83.75","82.48","97.82K","2.00%"
"05/13/2026","81.96","81.02","82.40","80.85","192.06K","0.79%"
"05/12/2026","81.32","80.61","81.51","80.26","83.73K","0.46%"
"05/11/2026","80.95","81.73","81.83","78.80","127.24K","-0.43%"
"05/08/2026","81.30","83.37","83.37","80.60","92.59K","-1.91%"
"05/07/2026","82.88","82.40","83.25","81.06","93.17K","0.95%"
"05/06/2026","82.10","79.61","82.68","79.25","141.90K","5.66%"
"05/05/2026","77.70","75.91","79.90","75.68","196.89K","2.98%"
"05/04/2026","75.45","77.15","77.60","75.26","85.64K","-2.80%"
"05/01/2026","77.62","79.41","79.41","77.33","103.38K","-1.80%"
"04/30/2026","79.04","77.57","79.11","77.57","81.85K","1.44%"
"04/29/2026","77.92","78.71","78.83","77.34","85.51K","-1.22%"
"04/28/2026","78.88","78.75","79.89","78.10","44.60K","0.37%"
"04/27/2026","78.59","79.20","80.36","78.04","86.63K","-1.01%"
"04/24/2026","79.39","79.51","80.50","78.80","46.47K","0.47%"
"04/23/2026","79.02","79.00","79.25","78.11","60.26K","0.09%"
"04/22/2026","78.95","82.10","82.77","78.50","112.85K","-3.78%"
"04/21/2026","82.05","83.50","84.88","81.91","44.42K","-2.24%"
"04/20/2026","83.93","83.03","84.49","82.54","34.96K","0.48%"
"04/17/2026","83.53","82.00","85.00","82.00","227.06K","2.87%"
"04/16/2026","81.20","82.00","82.33","80.63","51.27K","-0.98%"
"04/15/2026","82.00","82.66","82.73","81.61","68.66K","-1.05%"
"04/14/2026","82.87","82.18","83.45","82.00","88.13K","1.88%"
"04/13/2026","81.34","80.13","81.42","79.66","94.85K","0.04%"
"04/10/2026","81.31","82.03","82.40","80.53","112.18K","0.05%"
"04/09/2026","81.27","82.79","83.97","81.12","74.99K","-3.02%"
"04/08/2026","83.80","84.96","86.25","83.49","93.17K","2.61%"
"04/07/2026","81.67","84.46","84.46","80.94","64.59K","-2.69%"
"04/06/2026","83.93","82.72","84.84","82.72","33.74K","1.41%"
"04/02/2026","82.76","80.13","82.82","79.14","37.18K","1.93%"
"04/01/2026","81.19","80.59","82.40","80.30","81.36K","1.06%"
"03/31/2026","80.34","79.04","80.53","79.04","96.48K","2.19%"
"03/30/2026","78.62","80.16","80.16","78.27","50.16K","-1.68%"
"03/27/2026","79.96","80.36","80.50","77.90","100.62K","-0.81%"
"03/26/2026","80.61","82.44","83.03","80.57","50.95K","-3.24%"
"03/25/2026","83.31","82.96","83.80","82.04","74.99K","2.01%"
"03/24/2026","81.67","82.20","83.31","81.63","53.67K","-1.73%"
"03/23/2026","83.11","82.50","84.15","82.30","154.86K","2.10%"
"03/20/2026","81.40","83.00","83.29","80.73","130.59K","-1.89%"
"03/19/2026","82.97","83.91","85.38","82.61","82.15K","-2.45%"
"03/18/2026","85.05","86.54","86.57","83.30","116.68K","-2.17%"
"03/17/2026","86.94","87.79","88.95","86.88","77.93K","0.17%"
"03/16/2026","86.79","85.07","86.81","85.07","49.62K","2.07%"
"03/13/2026","85.03","85.55","86.25","84.62","216.20K","-0.58%"
"03/12/2026","85.53","88.00","88.50","85.02","147.79K","-3.38%"
"03/11/2026","88.52","88.40","89.63","87.90","65.93K","0.03%"
"03/10/2026","88.49","88.34","89.90","87.10","59.94K","0.31%"
"03/09/2026","88.22","89.01","89.63","84.90","120.05K","-2.84%"
"03/06/2026","90.80","92.10","92.57","90.40","104.17K","-2.73%"
"03/05/2026","93.35","93.39","94.84","92.38","44.80K","-0.73%"
"03/04/2026","94.04","93.95","95.38","93.51","46.94K","0.99%"
"03/03/2026","93.12","93.60","93.60","90.05","106.76K","-0.81%"
"03/02/2026","93.88","93.00","95.26","93.00","48.14K","-1.61%"
"02/27/2026","95.42","97.11","97.19","94.19","109.55K","-2.81%"
"02/26/2026","98.18","92.34","100.87","92.34","278.03K","6.28%"
"02/25/2026","92.38","95.00","96.75","87.52","497.40K","1.30%"
"02/24/2026","91.19","93.25","94.50","91.05","96.84K","-2.50%"
"02/23/2026","93.53","96.74","96.90","92.80","216.22K","-4.46%"
"02/20/2026","97.90","97.80","99.15","96.62","95.31K","0.10%"
"02/19/2026","97.80","95.77","97.80","95.56","73.28K","1.79%"
"02/18/2026","96.08","96.00","96.77","95.60","121.66K","-0.16%"
"02/17/2026","96.23","94.50","96.70","93.81","57.89K","1.44%"
"02/13/2026","94.86","96.40","97.00","94.50","99.95K","-1.82%"
"02/12/2026","96.62","98.39","99.40","95.75","86.17K","-1.09%"
"02/11/2026","97.68","97.35","98.55","97.08","92.45K","0.42%"
"02/10/2026","97.27","95.80","98.67","95.45","84.42K","1.35%"
"02/09/2026","95.97","95.25","97.43","95.25","86.61K","0.57%"
"02/06/2026","95.43","93.98","96.10","92.86","56.37K","1.42%"
"02/05/2026","94.09","95.75","95.75","92.49","111.87K","-2.01%"
"02/04/2026","96.02","95.72","97.05","94.76","103.44K","0.68%"
"02/03/2026","95.37","94.93","97.23","94.50","116.17K","1.47%"
"02/02/2026","93.99","92.30","94.54","92.30","52.48K","1.11%"
"01/30/2026","92.96","94.75","94.75","92.10","163.99K","-1.81%"
"01/29/2026","94.67","95.40","95.50","92.78","102.84K","-0.46%"
"01/28/2026","95.11","94.04","96.80","93.50","155.64K","1.18%"
"01/27/2026","94.00","93.25","94.79","91.91","89.31K","1.06%"
"01/26/2026","93.01","93.97","94.00","92.43","47.86K","-0.78%"
"01/23/2026","93.74","94.17","94.61","92.92","69.12K","0.13%"
"01/22/2026","93.62","93.29","95.00","93.00","115.17K","0.48%"
"01/21/2026","93.17","90.30","94.10","90.26","254.85K","3.21%"
"01/20/2026","90.27","89.48","91.08","86.30","219.73K","0.79%"
"01/19/2026","89.56","91.07","91.07","89.51","35.40K","-1.98%"
"01/16/2026","91.37","92.95","92.95","91.08","174.10K","-1.70%"
"01/15/2026","92.95","91.42","94.25","91.17","146.33K","2.54%"
"01/14/2026","90.65","88.73","91.15","88.66","80.99K","2.33%"
"01/13/2026","88.59","90.16","90.16","88.11","64.29K","-1.62%"
"01/12/2026","90.05","89.76","91.57","89.29","64.95K","-0.39%"
"01/09/2026","90.40","91.48","92.59","88.33","209.84K","-1.17%"
"01/08/2026","91.47","85.00","91.67","85.00","198.28K","7.49%"
"01/07/2026","85.10","86.70","86.78","85.10","60.90K","-1.82%"
"01/06/2026","86.68","85.46","87.04","85.07","78.13K","2.12%"
"01/05/2026","84.88","86.11","86.92","84.75","75.43K","-1.10%"
"01/02/2026","85.82","83.89","85.97","83.81","83.51K","2.24%"
"12/31/2025","83.94","83.95","84.79","83.79","51.06K","0.29%"
"12/30/2025","83.70","84.61","85.10","83.67","107.86K","-1.32%"
"12/29/2025","84.82","85.00","86.00","84.53","97.39K","-0.62%"
"12/24/2025","85.35","83.67","85.60","83.67","47.72K","1.61%"
"12/23/2025","84.00","83.30","84.52","83.30","83.70K","0.79%"
"12/22/2025","83.34","84.00","84.99","82.51","97.41K","-0.48%"
"12/19/2025","83.74","81.60","84.07","81.51","199.23K","2.79%"
"12/18/2025","81.47","80.32","81.88","79.25","129.63K","1.48%"
"12/17/2025","80.28","75.58","81.78","75.50","385.75K","6.26%"
"12/16/2025","75.55","75.62","75.72","74.87","147.31K","-0.03%"
"12/15/2025","75.57","75.78","76.50","74.96","168.78K","-0.22%"
"12/12/2025","75.74","76.75","77.70","75.50","131.07K","-1.25%"
"12/11/2025","76.70","77.75","78.00","76.60","127.84K","-1.65%"
"12/10/2025","77.99","79.15","79.28","77.53","111.52K","-0.97%"
"12/09/2025","78.75","80.40","80.98","78.56","106.36K","-1.87%"
"12/08/2025","80.25","80.56","81.10","79.97","67.55K","0.05%"
"12/05/2025","80.21","80.24","80.48","79.49","56.41K","0.38%"
"12/04/2025","79.91","81.16","81.50","79.15","85.20K","-1.15%"
"12/03/2025","80.84","80.51","81.30","80.36","63.14K","0.51%"
"12/02/2025","80.43","79.61","80.79","78.78","87.32K","1.25%"
"12/01/2025","79.44","80.50","80.88","78.75","130.29K","-2.16%"
"11/28/2025","81.19","81.28","82.05","80.88","66.30K","0.14%"
"11/27/2025","81.08","80.10","81.30","79.32","42.83K","1.72%"
"11/26/2025","79.71","79.30","80.47","78.75","99.75K","0.66%"
"11/25/2025","79.19","76.77","79.63","76.64","151.99K","3.61%"
"11/24/2025","76.43","76.01","76.66","74.75","143.65K","0.72%"
"11/21/2025","75.88","73.10","76.11","72.32","208.18K","4.45%"
"11/20/2025","72.65","71.99","74.83","71.66","196.55K","1.11%"
"11/19/2025","71.85","72.42","72.96","71.07","87.63K","-0.42%"
"11/18/2025","72.15","73.00","73.00","71.00","362.90K","-1.74%"
"11/17/2025","73.43","72.90","75.28","72.64","182.42K","0.88%"
"11/14/2025","72.79","71.90","73.35","71.90","136.02K","0.41%"
"11/13/2025","72.49","72.17","73.11","71.96","147.58K","0.36%"
"11/12/2025","72.23","69.05","72.61","69.05","227.14K","4.97%"
"11/11/2025","68.81","68.55","68.88","67.31","211.41K","0.16%"
"11/10/2025","68.70","70.00","71.16","67.80","270.96K","-0.91%"
"11/07/2025","69.33","67.72","69.51","65.60","402.96K","2.57%"
"11/06/2025","67.59","69.10","71.38","67.50","432.50K","-2.27%"
"11/05/2025","69.16","78.75","78.78","67.84","737.04K","-13.89%"
"11/04/2025","80.32","81.35","81.35","79.90","113.27K","-1.12%"
"11/03/2025","81.23","82.00","82.35","80.61","157.38K","-0.62%"
"10/31/2025","81.74","80.94","82.70","80.94","87.51K","1.03%"
"10/30/2025","80.91","81.91","82.06","80.71","106.81K","-0.25%"
"10/29/2025","81.11","83.28","83.50","80.75","110.94K","-2.59%"
"10/28/2025","83.27","83.06","84.75","82.84","80.82K","-0.48%"
"10/27/2025","83.67","82.83","84.40","82.81","119.19K","1.48%"
"10/24/2025","82.45","82.31","83.34","81.57","109.98K","0.99%"
"10/23/2025","81.64","81.69","82.62","81.07","66.36K","0.79%"
"10/22/2025","81.00","81.25","82.18","80.65","113.46K","-0.74%"
"10/21/2025","81.60","81.80","82.35","81.01","53.34K","-0.05%"
"10/20/2025","81.64","82.16","83.31","80.96","90.04K","0.16%"
"10/17/2025","81.51","82.20","82.50","81.03","99.45K","-0.85%"
"10/16/2025","82.21","83.78","84.36","82.18","164.53K","-2.11%"
"10/15/2025","83.98","84.67","84.71","83.66","111.40K","0.38%"
"10/14/2025","83.66","84.11","84.46","83.18","198.95K","0.18%"
"10/10/2025","83.51","88.07","88.63","83.11","208.33K","-4.54%"
"10/09/2025","87.48","89.96","89.99","87.08","107.92K","-2.15%"
"10/08/2025","89.40","89.92","90.34","88.81","78.49K","-0.62%"
"10/07/2025","89.96","93.00","93.00","89.41","182.17K","-3.21%"
"10/06/2025","92.94","94.01","94.08","92.45","82.28K","-0.55%"
"10/03/2025","93.45","93.09","94.42","92.15","205.20K","0.70%"
"10/02/2025","92.80","94.51","94.51","92.45","54.31K","-1.28%"
"10/01/2025","94.00","91.96","94.31","91.57","81.20K","2.17%"
"09/30/2025","92.00","93.30","93.30","90.88","147.83K","-1.57%"
"09/29/2025","93.47","93.37","94.60","93.29","59.86K","0.94%"
"09/26/2025","92.60","96.32","96.52","92.25","127.72K","-3.76%"
"09/25/2025","96.22","97.18","97.29","95.30","87.14K","-1.49%"
"09/24/2025","97.68","96.34","98.36","96.34","71.70K","2.17%"
"09/23/2025","95.61","99.20","99.20","95.25","204.80K","-3.55%"
"09/22/2025","99.13","97.80","99.80","97.41","49.36K","0.46%"
"09/19/2025","98.68","98.76","98.98","97.56","136.94K","-0.02%"
"09/18/2025","98.70","99.78","100.64","98.48","52.89K","-0.56%"
"09/17/2025","99.26","99.50","100.94","98.84","44.95K","-0.13%"
"09/16/2025","99.39","98.90","99.60","98.49","42.24K","0.13%"
"09/15/2025","99.26","98.15","99.26","97.55","62.69K","1.19%"
"09/12/2025","98.09","99.53","99.53","97.50","48.67K","-0.56%"
"09/11/2025","98.64","99.55","100.29","98.27","128.30K","-1.27%"
"09/10/2025","99.91","100.40","100.93","99.53","47.74K","-0.68%"
"09/09/2025","100.59","102.20","102.84","100.36","58.42K","-1.55%"
"09/08/2025","102.17","102.76","103.47","101.36","39.42K","-0.84%"
"09/05/2025","103.04","100.70","104.49","100.48","148.16K","3.42%"
"09/04/2025","99.63","100.16","100.16","99.01","62.50K","-0.02%"
"09/03/2025","99.65","100.53","100.97","99.50","31.31K","-0.88%"
"09/02/2025","100.53","100.24","100.99","99.61","21.45K","-0.31%"
"08/29/2025","100.84","101.28","102.00","100.28","45.32K","-0.49%"
"08/28/2025","101.34","100.42","101.59","99.60","43.40K","1.03%"
"08/27/2025","100.31","100.16","100.94","99.88","55.37K","-0.64%"
"08/26/2025","100.96","100.61","101.28","100.16","39.35K","0.38%"
"08/25/2025","100.58","102.30","102.30","100.30","54.01K","-1.79%"
"08/22/2025","102.41","102.36","104.24","101.73","72.46K","0.11%"
"08/21/2025","102.30","102.00","102.94","101.31","44.64K","-0.28%"
"08/20/2025","102.59","103.69","103.75","102.53","66.53K","-1.07%"
"08/19/2025","103.70","102.90","104.31","102.90","20.49K","0.58%"
"08/18/2025","103.10","102.85","103.51","102.55","23.61K","0.38%"
"08/15/2025","102.71","104.07","104.60","102.33","28.56K","-1.25%"
"08/14/2025","104.01","103.89","104.36","102.16","30.11K","-0.93%"
"08/13/2025","104.99","103.30","105.26","103.30","63.67K","1.70%"
"08/12/2025","103.23","100.50","103.55","100.49","97.18K","2.78%"
"08/11/2025","100.44","103.05","103.07","99.43","71.20K","-1.54%"
"08/08/2025","102.01","99.07","103.89","98.93","103.47K","3.41%"
"08/07/2025","98.65","99.75","99.75","93.02","101.41K","-0.07%"
"08/06/2025","98.72","97.92","98.88","97.60","35.71K","0.82%"
"08/05/2025","97.92","96.70","98.85","96.70","51.33K","1.26%"
"08/01/2025","96.70","97.47","97.50","95.83","44.48K","-2.25%"
"07/31/2025","98.93","99.52","100.60","98.49","65.95K","-1.18%"
"07/30/2025","100.11","101.39","102.00","99.47","59.02K","-1.27%"
"07/29/2025","101.40","102.66","104.30","100.20","75.65K","-1.83%"
"07/28/2025","103.29","102.94","104.55","102.00","40.84K","0.34%"
"07/25/2025","102.94","100.73","103.02","99.92","54.74K","2.46%"
"07/24/2025","100.47","102.68","102.68","98.99","85.19K","-1.23%"
"07/23/2025","101.72","102.51","102.79","101.46","50.01K","-1.09%"
"07/22/2025","102.84","103.23","104.11","102.50","78.07K","-0.38%"
"07/21/2025","103.23","101.60","105.60","101.60","80.21K","1.62%"
"07/18/2025","101.58","104.01","104.01","101.25","56.59K","-1.32%"
"07/17/2025","102.94","102.55","104.47","102.55","43.74K","-0.34%"
"07/16/2025","103.29","104.21","104.67","100.69","94.08K","-0.66%"
"07/15/2025","103.98","105.10","105.10","103.58","41.29K","-0.37%"
"07/14/2025","104.37","101.77","104.78","101.77","56.28K","1.77%"
"07/11/2025","102.55","104.00","104.86","102.23","47.34K","-1.48%"
"07/10/2025","104.09","103.31","106.08","103.00","72.92K","0.17%"
"07/09/2025","103.91","104.43","105.31","103.16","56.06K","-0.29%"
"07/08/2025","104.21","105.43","107.25","103.74","63.70K","-1.44%"
"07/07/2025","105.73","111.00","111.01","105.47","93.86K","-2.35%"
"07/04/2025","108.27","110.03","111.53","107.61","45.75K","-0.67%"
"07/03/2025","109.00","104.00","113.89","103.67","217.85K","8.51%"
"07/02/2025","100.45","95.47","100.54","95.43","95.60K","5.93%"
"06/30/2025","94.83","93.47","95.95","93.47","93.88K","1.51%"
"06/27/2025","93.42","94.96","95.61","91.80","109.42K","-1.40%"
"06/26/2025","94.75","93.62","94.87","93.53","37.59K","1.40%"
"06/25/2025","93.44","95.52","95.52","93.30","32.33K","-2.18%"
"06/24/2025","95.52","94.08","95.90","92.91","90.35K","2.45%"
"06/23/2025","93.24","93.53","94.11","91.98","61.16K","0.01%"
"06/20/2025","93.23","93.80","94.21","92.64","215.00K","-0.55%"
"06/19/2025","93.75","93.95","94.58","93.46","31.57K","0.35%"
"06/18/2025","93.42","94.39","95.20","92.96","41.58K","-1.30%"
"06/17/2025","94.65","95.27","95.74","93.97","70.30K","-0.45%"
"06/16/2025","95.08","93.46","95.48","92.75","93.69K","2.06%"
"06/13/2025","93.16","93.66","94.06","92.34","70.75K","-0.58%"
"06/12/2025","93.70","98.04","98.99","93.29","156.95K","-4.84%"
"06/11/2025","98.47","97.67","99.00","96.71","60.35K","1.82%"
"06/10/2025","96.71","96.59","98.33","96.56","39.03K","0.19%"
"06/09/2025","96.53","96.82","97.30","96.20","47.08K","0.32%"
"06/06/2025","96.22","95.43","96.35","94.58","74.01K","2.14%"
"06/05/2025","94.20","94.85","95.63","93.01","53.27K","-0.64%"
"06/04/2025","94.81","94.60","95.60","94.14","57.83K","0.03%"
"06/03/2025","94.78","91.44","94.89","91.01","78.12K","3.98%"
"06/02/2025","91.15","93.00","93.66","91.14","84.24K","-2.45%"
"05/30/2025","93.44","93.40","94.14","92.84","64.44K","0.02%"
"05/29/2025","93.42","93.47","95.42","93.29","52.48K","0.52%"
"05/28/2025","92.94","93.12","93.64","92.28","60.10K","-0.21%"
"05/27/2025","93.14","94.06","94.60","92.87","74.01K","-0.62%"
"05/26/2025","93.72","91.11","94.28","91.11","34.58K","2.73%"
"05/23/2025","91.23","90.72","92.85","90.72","75.00K","-0.73%"
"05/22/2025","91.90","90.00","92.31","89.60","53.81K","2.20%"
"05/21/2025","89.92","93.24","93.42","89.89","103.17K","-4.66%"
"05/20/2025","94.32","94.21","95.76","93.24","79.28K","-0.27%"
"05/16/2025","94.58","92.74","95.45","92.67","75.21K","1.63%"
"05/15/2025","93.06","95.75","96.11","93.00","97.13K","-3.91%"
"05/14/2025","96.85","96.40","97.50","95.38","81.04K","0.65%"
"05/13/2025","96.22","95.06","98.25","95.00","110.19K","1.26%"
"05/12/2025","95.02","94.33","95.92","92.65","112.56K","4.02%"
"05/09/2025","91.35","89.76","92.08","89.76","124.93K","2.19%"
"05/08/2025","89.39","85.62","89.56","85.57","86.54K","4.62%"
"05/07/2025","85.44","83.44","85.53","83.41","106.96K","2.40%"
"05/06/2025","83.44","83.89","84.43","82.44","85.59K","-0.82%"
"05/05/2025","84.13","84.18","86.59","83.10","99.18K","-0.37%"
"05/02/2025","84.44","84.56","85.89","84.15","84.61K","0.49%"
"05/01/2025","84.03","85.30","85.66","83.37","109.14K","-1.49%"
"04/30/2025","85.30","85.13","85.77","83.51","95.07K","-0.25%"
"04/29/2025","85.51","85.00","86.56","85.00","48.65K","0.36%"
"04/28/2025","85.20","84.47","87.36","84.47","73.41K","1.03%"
"04/25/2025","84.33","92.00","92.00","83.62","162.16K","-3.63%"
"04/24/2025","87.51","81.00","87.59","80.01","165.00K","15.34%"
"04/23/2025","75.87","75.93","77.75","75.26","65.40K","1.35%"
"04/22/2025","74.86","76.00","76.40","73.67","55.34K","-0.23%"
"04/21/2025","75.03","75.43","75.61","73.00","61.23K","-0.53%"
"04/17/2025","75.43","76.70","77.29","75.22","70.93K","-1.96%"
"04/16/2025","76.94","78.02","79.61","75.90","48.09K","-1.47%"
"04/15/2025","78.09","77.39","78.85","77.15","57.99K","0.76%"
"04/14/2025","77.50","77.34","78.85","76.79","55.12K","0.66%"
"04/11/2025","76.99","75.35","77.37","74.79","39.64K","2.46%"
"04/10/2025","75.14","78.38","78.57","72.00","110.23K","-5.47%"
"04/09/2025","79.49","70.92","80.93","70.90","133.14K","10.80%"
"04/08/2025","71.74","73.41","75.31","70.71","104.01K","-2.22%"
"04/07/2025","73.37","71.42","75.30","69.60","151.06K","-1.49%"
"04/04/2025","74.48","76.50","76.83","72.66","144.81K","-6.02%"
"04/03/2025","79.25","82.08","82.08","76.95","140.89K","-3.54%"
"04/02/2025","82.16","81.10","82.73","79.63","97.23K","0.65%"
"04/01/2025","81.63","82.89","83.08","80.93","97.62K","-1.22%"
"03/31/2025","82.64","81.14","84.38","80.50","95.47K","0.02%"
"03/28/2025","82.62","85.63","85.93","82.00","66.70K","-3.99%"
"03/27/2025","86.05","86.03","86.96","85.10","41.70K","-0.68%"
"03/26/2025","86.64","87.80","88.31","86.33","25.51K","-1.30%"
"03/25/2025","87.78","90.31","90.71","87.53","73.08K","-2.80%"
"03/24/2025","90.31","90.43","91.89","89.25","55.55K","0.47%"
"03/21/2025","89.89","86.51","90.00","84.71","295.24K","3.93%"
"03/20/2025","86.49","86.92","88.97","85.38","82.93K","-0.69%"
"03/19/2025","87.09","86.19","87.25","85.38","93.25K","2.01%"
"03/18/2025","85.37","87.00","87.19","84.94","56.20K","-1.95%"
"03/17/2025","87.07","87.48","88.07","86.74","43.74K","-0.45%"
"03/14/2025","87.46","85.45","87.69","85.24","88.72K","4.16%"
"03/13/2025","83.97","88.73","88.76","82.85","150.86K","-5.58%"
"03/12/2025","88.93","88.01","89.91","87.90","65.34K","2.14%"
"03/11/2025","87.07","87.44","89.75","86.48","101.89K","-0.68%"
"03/10/2025","87.67","90.14","90.71","86.36","175.79K","-3.91%"
"03/07/2025","91.24","91.00","94.72","89.76","112.91K","-0.67%"
"03/06/2025","91.86","91.56","93.10","89.86","77.88K","-1.16%"
"03/05/2025","92.94","93.54","95.23","92.39","95.62K","0.03%"
"03/04/2025","92.91","90.11","93.29","89.00","177.05K","-0.05%"
"03/03/2025","92.96","98.61","98.61","92.62","144.95K","-5.14%"
"02/28/2025","98.00","99.24","99.24","96.86","97.97K","-0.52%"
"02/27/2025","98.51","99.74","100.59","98.11","109.81K","-1.23%"
"02/26/2025","99.74","101.20","101.20","98.71","227.44K","-1.44%"
"02/25/2025","101.20","103.00","104.80","101.08","81.97K","-2.38%"
"02/24/2025","103.67","101.50","104.82","99.14","158.33K","2.30%"
"02/21/2025","101.34","105.33","105.33","100.25","200.72K","-3.56%"
"02/20/2025","105.08","107.70","107.93","104.96","117.73K","-2.16%"
"02/19/2025","107.40","112.89","112.89","106.36","158.44K","-3.58%"
"02/18/2025","111.39","117.00","117.00","102.57","230.50K","2.07%"
"02/14/2025","109.13","108.54","109.55","108.04","52.27K","0.38%"
"02/13/2025","108.72","109.51","111.50","108.51","58.53K","-0.46%"
"02/12/2025","109.22","110.99","111.07","108.79","111.11K","-1.93%"
"02/11/2025","111.37","112.00","112.21","111.03","43.06K","-0.84%"
"02/10/2025","112.31","113.00","115.03","112.31","29.62K","-0.20%"
"02/07/2025","112.54","115.64","115.71","111.90","62.80K","-2.75%"
"02/06/2025","115.72","112.51","118.28","111.52","111.23K","3.28%"
"02/05/2025","112.04","112.42","113.10","111.56","39.27K","0.00%"
"02/04/2025","112.04","112.39","113.51","110.48","155.24K","0.11%"
"02/03/2025","111.92","105.98","115.82","105.01","205.81K","-6.01%"
"01/31/2025","119.08","124.02","124.14","118.50","131.67K","-3.77%"
"01/30/2025","123.75","126.68","127.91","123.50","58.66K","-2.51%"
"01/29/2025","126.94","123.82","128.19","123.82","72.99K","1.94%"
"01/28/2025","124.52","123.42","126.00","123.42","98.25K","1.07%"
"01/27/2025","123.20","121.91","124.70","121.91","62.15K","-0.23%"
"01/24/2025","123.48","122.20","123.82","122.18","32.33K","0.54%"
"01/23/2025","122.82","122.48","124.25","121.76","57.50K","-0.23%"
"01/22/2025","123.10","121.34","123.50","120.02","50.82K","1.42%"
"01/21/2025","121.38","126.00","128.05","121.34","83.61K","-4.43%"
"01/20/2025","127.00","122.61","127.10","122.61","82.97K","3.63%"
"01/17/2025","122.55","120.73","124.00","120.73","104.77K","1.70%"
"01/16/2025","120.50","120.13","121.24","118.39","83.50K","0.42%"
"01/15/2025","120.00","118.05","120.65","118.05","166.33K","2.74%"
"01/14/2025","116.80","114.00","116.91","114.00","91.00K","2.87%"
"01/13/2025","113.54","112.00","113.64","110.64","82.96K","0.45%"
"01/10/2025","113.03","111.26","113.55","110.78","65.21K","0.20%"
"01/09/2025","112.80","111.90","114.07","111.61","39.24K","0.86%"
"01/08/2025","111.84","113.27","114.25","110.90","74.65K","-1.33%"
"01/07/2025","113.35","112.97","114.36","112.10","107.18K","0.16%"
"01/06/2025","113.17","112.60","116.22","112.60","152.18K","0.49%"
"01/03/2025","112.62","109.34","112.74","109.34","78.90K","3.32%"
"01/02/2025","109.00","108.25","111.29","108.25","89.07K","1.05%"
"12/31/2024","107.87","102.42","108.75","102.42","90.34K","5.37%"
"12/30/2024","102.37","103.53","103.53","101.26","62.20K","-2.00%"
"12/27/2024","104.46","104.12","105.41","103.57","60.38K","0.12%"
"12/24/2024","104.33","104.33","106.22","103.62","44.14K","0.13%"
"12/23/2024","104.19","103.83","104.84","101.77","123.25K","0.53%"
"12/20/2024","103.64","100.04","103.92","100.04","207.07K","2.19%"
"12/19/2024","101.42","107.27","107.41","100.01","196.12K","-4.50%"
"12/18/2024","106.20","108.14","110.04","105.77","95.67K","-1.68%"
"12/17/2024","108.02","107.01","108.70","106.33","66.70K","0.08%"
"12/16/2024","107.93","107.99","108.64","106.63","79.50K","-0.74%"
"12/13/2024","108.73","111.32","112.41","108.03","65.11K","-2.57%"
"12/12/2024","111.60","112.00","112.00","109.97","89.52K","-0.24%"
"12/11/2024","111.87","112.09","112.56","111.50","131.52K","0.27%"
"12/10/2024","111.57","113.10","113.26","111.00","51.29K","-1.27%"
"12/09/2024","113.00","113.72","115.48","112.35","54.65K","-0.66%"
"12/06/2024","113.75","117.00","117.79","113.58","67.54K","-2.39%"
"12/05/2024","116.54","118.35","118.63","116.50","49.12K","-1.26%"
"12/04/2024","118.03","117.52","119.00","116.44","58.88K","0.63%"
"12/03/2024","117.29","118.31","118.31","115.33","50.60K","-0.60%"
"12/02/2024","118.00","121.30","121.30","116.59","71.66K","-2.40%"
"11/29/2024","120.90","119.19","120.95","119.19","27.41K","0.99%"
"11/28/2024","119.71","119.56","120.07","118.57","15.35K","-0.01%"
"11/27/2024","119.72","121.70","121.70","119.22","39.37K","-2.25%"
"11/26/2024","122.47","122.78","122.90","119.81","358.70K","0.77%"
"11/25/2024","121.54","124.32","124.32","120.77","63.17K","-1.31%"
"11/22/2024","123.15","123.95","124.38","122.39","60.36K","0.48%"
"11/21/2024","122.56","123.30","124.15","121.00","77.89K","-0.67%"
"11/20/2024","123.39","126.83","126.83","122.91","53.76K","-2.70%"
"11/19/2024","126.82","126.30","127.48","124.99","54.32K","-0.40%"
"11/18/2024","127.33","127.73","128.52","126.37","63.79K","-0.52%"
"11/15/2024","128.00","130.00","130.23","126.94","94.61K","-2.20%"
"11/14/2024","130.88","134.55","134.55","130.15","45.56K","-2.76%"
"11/13/2024","134.59","134.30","135.13","133.74","62.27K","-0.08%"
"11/12/2024","134.70","136.81","138.15","134.26","60.80K","-2.07%"
"11/11/2024","137.55","137.88","139.54","137.39","49.94K","-0.33%"
"11/08/2024","138.00","136.83","139.34","135.45","92.78K","0.69%"
"11/07/2024","137.05","132.53","137.27","132.00","80.90K","3.70%"
"11/06/2024","132.16","135.00","135.00","129.42","85.97K","1.87%"
"11/05/2024","129.73","141.00","144.97","127.17","278.63K","-6.53%"
"11/04/2024","138.80","138.07","139.97","137.24","43.19K","0.53%"
"11/01/2024","138.07","137.74","142.90","137.00","88.13K","1.45%"
"10/31/2024","136.09","135.55","136.34","133.70","41.79K","-0.56%"
"10/30/2024","136.85","136.00","138.35","135.04","15.52K","0.07%"
"10/29/2024","136.75","136.85","138.44","135.37","27.82K","0.43%"
"10/28/2024","136.16","135.50","136.30","135.29","37.19K","1.09%"
"10/25/2024","134.69","134.62","136.50","133.46","20.08K","-0.15%"
"10/24/2024","134.89","134.35","134.89","133.73","11.84K","0.42%"
"10/23/2024","134.33","134.40","136.07","133.25","28.65K","-0.46%"
"10/22/2024","134.95","134.50","134.95","132.00","37.47K","-0.39%"
"10/21/2024","135.48","138.50","138.52","134.61","26.34K","-2.27%"
"10/18/2024","138.62","139.94","139.94","137.39","30.60K","-0.09%"
"10/17/2024","138.75","137.80","139.94","136.63","18.22K","1.05%"
"10/16/2024","137.31","139.94","139.94","136.55","23.25K","-1.31%"
"10/15/2024","139.13","137.91","142.02","137.91","58.49K","1.05%"
"10/11/2024","137.69","134.51","138.94","133.60","32.60K","2.72%"
"10/10/2024","134.05","134.98","134.98","132.97","26.20K","-0.37%"
"10/09/2024","134.55","134.11","135.60","134.11","23.17K","0.01%"
"10/08/2024","134.53","134.05","135.05","134.05","10.19K","0.03%"
"10/07/2024","134.49","137.25","137.25","133.52","28.38K","-1.34%"
"10/04/2024","136.31","137.09","137.09","135.14","21.48K","0.29%"
"10/03/2024","135.91","135.44","135.99","133.03","26.54K","0.29%"
"10/02/2024","135.52","135.24","135.81","134.36","30.38K","0.21%"
"10/01/2024","135.24","138.94","138.94","133.46","59.07K","-2.11%"
"09/30/2024","138.15","135.92","138.15","135.92","22.79K","0.94%"
"09/27/2024","136.87","139.20","140.50","136.53","61.91K","-1.09%"
"09/26/2024","138.38","131.87","140.47","131.87","443.45K","5.18%"
"09/25/2024","131.57","131.93","133.61","131.10","33.54K","-0.96%"
"09/24/2024","132.85","131.08","133.24","131.08","16.00K","1.40%"
"09/23/2024","131.02","131.36","132.36","130.47","265.02K","-0.64%"
"09/20/2024","131.87","131.77","132.55","130.13","46.63K","-1.28%"
"09/19/2024","133.58","132.33","133.58","130.53","26.98K","2.65%"
"09/18/2024","130.13","129.50","131.83","128.93","17.25K","0.25%"
"09/17/2024","129.80","131.75","132.03","128.38","29.08K","-1.42%"
"09/16/2024","131.67","132.83","133.82","130.70","34.42K","-1.04%"
"09/13/2024","133.05","132.37","135.00","132.37","34.73K","0.80%"
"09/12/2024","132.00","129.03","132.79","129.03","51.78K","2.36%"
"09/11/2024","128.96","125.91","129.89","124.49","30.29K","1.90%"
"09/10/2024","126.55","125.61","126.62","124.50","31.44K","0.37%"
"09/09/2024","126.08","125.86","127.32","125.17","41.85K","1.27%"
"09/06/2024","124.50","127.04","127.35","124.25","38.13K","-1.88%"
"09/05/2024","126.88","129.79","130.05","126.61","35.88K","-1.18%"
"09/04/2024","128.40","127.83","132.63","127.83","33.99K","-0.11%"
"09/03/2024","128.54","131.86","132.88","127.98","80.39K","-3.91%"
"08/30/2024","133.77","130.06","134.29","130.06","23.99K","2.83%"
"08/29/2024","130.09","129.22","132.24","129.22","31.68K","0.63%"
"08/28/2024","129.28","127.92","130.00","127.92","48.73K","0.13%"
"08/27/2024","129.11","126.43","129.51","126.43","31.07K","0.95%"
"08/26/2024","127.89","127.60","129.65","127.24","22.41K","-0.06%"
"08/23/2024","127.97","124.96","128.65","124.96","20.78K","2.49%"
"08/22/2024","124.86","125.17","126.24","124.31","26.84K","-0.17%"
"08/21/2024","125.07","124.57","125.75","124.09","22.07K","0.70%"
"08/20/2024","124.20","124.99","125.22","122.79","46.56K","0.43%"
"08/19/2024","123.67","125.06","126.00","123.47","98.40K","-0.62%"
"08/16/2024","124.44","126.20","126.44","123.49","43.24K","-1.10%"
"08/15/2024","125.83","124.77","129.88","124.77","68.02K","1.48%"
"08/14/2024","124.00","119.00","125.56","118.02","100.94K","2.52%"
"08/13/2024","120.95","118.00","121.14","118.00","40.42K","2.54%"
"08/12/2024","117.95","118.00","119.37","117.24","23.62K","-0.44%"
"08/09/2024","118.47","118.61","119.59","117.55","17.07K","-0.60%"
"08/08/2024","119.18","116.88","120.50","116.88","23.44K","3.05%"
"08/07/2024","115.65","116.35","117.37","114.94","54.82K","-0.58%"
"08/06/2024","116.33","117.56","117.76","114.64","72.04K","-3.08%"
"08/02/2024","120.03","125.00","125.00","119.17","52.80K","-4.71%"
"08/01/2024","125.96","132.55","132.55","125.55","30.21K","-3.43%"