dep,arr,dep_country,arr_country,dep_continent,arr_continent,flights,cycles,block_h,median_block_h,gc_km,night_share,inferred_share,suspect_share,first_seen,last_seen,callsigns,aircraft,suggested,segment
YVR,YHM,CA,CA,NA,NA,146,146,612.99,4.16,3349.0,0.233,0.0,0.0,2025-04-02T03:01:17Z,2026-09-10T15:05:44Z,00000000 CJT1804 CJT1806 CJT2384 CJT2386,33,domestic,domestic
YHM,YVR,CA,CA,NA,NA,110,110,538.93,4.9,3349.0,0.964,0.0,0.0,2025-04-02T02:11:42Z,2026-09-10T08:24:51Z,00000000 0CJT2401 CJT1803 CJT1805 CJT1806,32,domestic,domestic
MIA,MIA,US,US,NA,NA,76,152,506.74,4.28,0.0,0.658,0.0,0.0,2025-04-02T03:36:36Z,2026-08-24T01:04:53Z,CJT1001 CJT1002 CJT1507 CJT1510 CJT241,13,?,acmi
YYC,YHM,CA,CA,NA,NA,103,103,366.46,3.55,2696.4,0.427,0.0,0.0,2025-04-02T04:33:53Z,2026-09-10T12:21:57Z,00000000 584 CJT1571 CJT2382 CJT2386,25,domestic,domestic
YHM,YYC,CA,CA,NA,NA,74,74,303.86,4.13,2696.4,0.514,0.0,0.0,2025-04-02T05:25:57Z,2026-09-10T16:02:41Z,000000 CJT301 CJT3301 CJT482 CJT575,34,domestic,domestic
YHM,YWG,CA,CA,NA,NA,102,102,256.17,2.52,1516.1,0.99,0.0,0.0,2025-04-02T05:12:02Z,2026-09-10T05:39:54Z,00000000 CJT1574 CJT2484 CJT500 CJT551,37,domestic,domestic
CVG,YVR,US,CA,NA,NA,47,47,222.23,4.71,3233.5,0.957,0.0,0.0,2025-04-02T10:18:17Z,2026-09-10T10:23:55Z,CJT0949 CJT1926 CJT950,25,?,charter
NRT,YVR,JP,CA,AS,NA,24,24,211.04,8.74,7502.9,0.917,0.0,0.0,2025-04-02T03:39:38Z,2026-08-24T10:51:56Z,CJT1802 CJT1808 CJT1810 CJT3220 CJT3232,12,charter,charter
YVR,CVG,CA,US,NA,NA,47,47,196.89,4.18,3233.5,0.915,0.0,0.0,2025-04-02T02:01:12Z,2026-09-10T02:10:42Z,00000000 CJT1925 CJT2925,24,?,charter
YVR,NRT,CA,JP,NA,AS,19,19,191.86,10.04,7502.9,0.895,0.0,0.0,2025-04-02T01:14:42Z,2025-09-11T00:50:27Z,CJT1801 CJT1807,9,charter,charter
CVG,NLU,US,MX,NA,NA,50,50,189.86,3.63,2549.8,0.66,0.0,0.0,2025-04-02T10:48:20Z,2026-09-10T11:39:34Z,CJT2039 CJT905 CJT920 CJT952,17,acmi,acmi
CVG,YYC,US,CA,NA,NA,44,44,175.81,4.02,2640.2,0.864,0.0,0.023,2025-04-02T10:13:22Z,2026-09-10T10:47:01Z,CJT1925 CJT918,22,?,charter
YYC,CVG,CA,US,NA,NA,46,46,167.15,3.56,2640.2,0.935,0.0,0.0,2025-04-02T00:55:47Z,2026-09-10T01:25:40Z,00000000 CJT050 CJT1925 CJT917,21,?,charter
CVG,MTY,US,MX,NA,NA,48,48,147.87,3.09,2062.4,0.958,0.0,0.0,2025-04-02T10:14:54Z,2026-09-10T10:21:23Z,CJT914 CJT967 CJT990,14,acmi,acmi
YWG,YHM,CA,CA,NA,NA,68,68,143.57,2.09,1516.1,0.868,0.0,0.118,2025-04-01T23:58:11Z,2026-09-10T06:01:08Z,00000000 CJT454 CJT462 CJT550 CJT566,33,domestic,domestic
YYC,YVR,CA,CA,NA,NA,96,96,139.43,1.44,687.2,0.583,0.0,0.0,2025-04-02T04:56:46Z,2026-09-10T21:19:06Z,00000000 CJT2384 CJT2385 CJT2386 CJT2389,21,domestic,domestic
YWG,YMX,CA,CA,NA,NA,53,53,126.16,2.36,1787.7,0.811,0.0,0.189,2025-04-02T06:55:20Z,2026-09-10T15:08:20Z,CJT454 CJT462 CJT554 CJT570,21,domestic,domestic
YWG,YYC,CA,CA,NA,NA,62,62,122.11,1.95,1190.7,0.71,0.0,0.016,2025-04-02T07:50:41Z,2026-09-10T08:36:33Z,CJT1571 CJT454 CJT551 CJT590 CJT937,21,domestic,domestic
MTY,CVG,MX,US,NA,NA,40,40,116.87,2.92,2062.4,1.0,0.0,0.0,2025-04-02T02:24:54Z,2026-09-10T02:43:09Z,00000000 CJT913 CJT967 CJT968 CJT991,9,acmi,acmi
YYC,YWG,CA,CA,NA,NA,61,61,114.15,1.87,1190.7,0.689,0.0,0.0,2025-04-02T04:19:15Z,2026-09-10T03:25:55Z,00000000 CJT1571 CJT550 CJT566 CJT583,19,domestic,domestic
SDF,YVR,US,CA,NA,NA,21,21,99.28,4.77,3211.0,1.0,0.0,0.0,2026-04-01T08:42:14Z,2026-09-10T08:48:45Z,CJT490,7,?,charter
YWG,YVR,CA,CA,NA,NA,35,35,98.98,2.81,1863.9,1.0,0.0,0.0,2025-04-02T07:52:49Z,2026-09-10T07:43:25Z,CJT567,17,domestic,domestic
YMX,YWG,CA,CA,NA,NA,32,32,91.83,2.85,1787.7,1.0,0.0,0.0,2025-04-02T03:55:42Z,2026-09-10T04:00:43Z,CJT567,15,domestic,domestic
YVR,YWG,CA,CA,NA,NA,35,35,90.33,2.58,1863.9,1.0,0.0,0.0,2025-04-02T02:41:47Z,2026-09-10T02:33:53Z,CJT1570 CJT570,13,domestic,domestic
YVR,SDF,CA,US,NA,NA,22,22,89.45,4.07,3211.0,0.955,0.0,0.0,2026-04-01T00:53:16Z,2026-09-10T01:03:29Z,CJT489 CJT499,8,?,charter
YMX,CVG,CA,US,NA,NA,40,40,85.79,2.14,1141.2,0.95,0.0,0.0,2025-04-02T02:56:02Z,2026-09-10T03:04:07Z,CJT1990 CJT990,23,?,charter
YHM,CVG,CA,US,NA,NA,63,63,85.11,1.33,606.2,0.889,0.0,0.0,2025-04-02T03:50:22Z,2026-09-10T08:14:39Z,CJT1905 CJT1906 CJT1943 CJT2000 CJT2002,27,?,charter
YVR,YYC,CA,CA,NA,NA,65,65,82.37,1.26,687.2,0.954,0.0,0.0,2025-04-02T07:35:45Z,2026-09-10T07:35:14Z,CJT1925 CJT2382 CJT2389 CJT550 CJT580,10,domestic,domestic
YWG,YEG,CA,CA,NA,NA,42,42,81.09,1.92,1186.8,1.0,0.0,0.0,2025-04-02T08:39:09Z,2026-09-10T08:50:42Z,573 CJT555 CJT573,20,domestic,domestic
YEG,YWG,CA,CA,NA,NA,42,42,75.91,1.8,1186.8,1.0,0.0,0.0,2025-04-02T03:30:55Z,2026-09-10T03:33:49Z,CJT554 CJT573 CJT574,20,domestic,domestic
MCO,CVG,US,US,NA,NA,37,37,75.13,2.02,1220.7,1.0,0.0,0.0,2025-04-02T04:15:14Z,2026-09-03T03:49:10Z,CSB926,3,?,charter
YHM,YQM,CA,CA,NA,NA,39,39,74.51,1.85,1248.0,0.974,0.0,0.051,2025-04-02T05:06:15Z,2026-08-21T05:09:53Z,CFCJF CJT620 CJT622 CJT626,17,domestic,domestic
CVG,MCO,US,US,NA,NA,40,40,74.19,1.84,1220.7,0.225,0.0,0.0,2025-04-02T10:54:14Z,2026-09-10T11:12:32Z,CJT916 CSB925,3,?,charter
CVG,YHM,US,CA,NA,NA,63,63,70.34,1.11,606.2,0.556,0.0,0.016,2025-04-02T11:03:44Z,2026-09-10T11:15:31Z,CJT1906 CJT2001 CJT2022 CJT2038 CJT9002,27,?,charter
CVG,YMX,US,CA,NA,NA,41,41,69.62,1.7,1141.2,0.927,0.0,0.0,2025-04-02T10:06:02Z,2026-09-10T10:32:53Z,00000000 CJT991,22,?,charter
YMX,YHM,CA,CA,NA,NA,52,52,65.15,1.25,544.4,0.942,0.0,0.019,2025-04-02T03:26:36Z,2026-09-10T03:57:40Z,575 CJT1912 CJT3184 CJT555 CJT566,27,domestic,domestic
YWG,YXE,CA,CA,NA,NA,30,30,64.12,2.35,707.0,1.0,0.0,0.6,2025-07-15T08:43:28Z,2026-09-10T08:56:05Z,00000000 CJT454 CJT566 CJT591 CJT593,12,domestic,domestic
YHM,SDF,CA,US,NA,NA,42,42,63.21,1.5,740.5,1.0,0.0,0.0,2026-04-01T01:33:55Z,2026-09-10T02:31:57Z,CFACJ CJT475 CJT483 CJT583 CJT584,14,?,charter
YYZ,SDF,CA,US,NA,NA,37,37,58.43,1.57,798.2,0.514,0.0,0.0,2026-04-01T03:07:06Z,2026-09-10T12:08:11Z,CFACJ CJT485 CJT486 CJT487 CJT499,13,?,charter
SDF,YHM,US,CA,NA,NA,42,42,57.48,1.36,740.5,1.0,0.0,0.0,2026-04-01T07:10:27Z,2026-09-10T08:46:18Z,00000000 CJT476 CJT482 CJT582,12,?,charter
YOW,YOW,CA,CA,NA,NA,23,45,56.46,2.52,0.0,0.174,0.0,0.0,2025-04-02T14:57:45Z,2026-08-23T12:57:33Z,CJT1574 CJT470 CJT5470,13,domestic,domestic
SDF,YYZ,US,CA,NA,NA,37,37,55.14,1.47,798.2,0.973,0.0,0.0,2026-04-01T07:11:14Z,2026-09-10T08:29:24Z,CFACJ CJT486 CJT488,12,?,charter
SJU,MIA,PR,US,NA,NA,12,12,54.59,4.65,1682.1,0.5,0.0,0.5,2026-04-01T06:46:58Z,2026-09-10T15:23:30Z,CJT244 CSB234,1,acmi,acmi
YXE,YWG,CA,CA,NA,NA,28,28,54.21,2.03,707.0,1.0,0.0,0.071,2025-07-15T02:02:22Z,2026-09-10T02:11:00Z,CJT566 CJT590 CJT592,14,domestic,domestic
YHM,YMX,CA,CA,NA,NA,44,44,48.85,1.09,544.4,0.977,0.0,0.023,2025-04-02T03:04:09Z,2026-09-10T03:03:50Z,CJT1911 CJT2001 CJT485 CJT584 CJT626,23,domestic,domestic
CVG,CVG,US,US,NA,NA,8,15,44.08,6.23,0.0,0.25,0.0,0.0,2025-04-05T12:44:43Z,2026-08-15T12:04:30Z,CJT1919 CJT1920 CJT917 CJT919 CJT920,7,?,charter
NRT,NRT,JP,JP,AS,AS,17,34,43.04,2.53,0.0,0.118,0.0,0.0,2025-04-02T13:47:30Z,2025-09-11T13:57:54Z,CJT1801 CJT1802 CJT1807 CJT1808 CJT1809,9,?,charter
SJO,MIA,CR,US,NA,NA,9,9,40.83,4.88,1805.0,0.0,0.0,0.444,2025-04-03T18:51:25Z,2026-09-03T20:36:56Z,CJT5236,6,acmi,acmi
MIA,SJO,US,CR,NA,NA,15,15,40.17,2.67,1805.0,0.0,0.0,0.0,2025-04-03T14:47:49Z,2026-09-10T14:31:31Z,CJT5231,8,acmi,acmi
YOW,YHM,CA,CA,NA,NA,37,37,39.54,1.07,415.1,0.946,0.0,0.054,2025-04-02T00:07:59Z,2026-09-10T00:17:23Z,00000000 CJT1573 CJT1574 CJT470,22,domestic,domestic
YHM,YOW,CA,CA,NA,NA,38,38,38.2,1.01,415.1,0.789,0.0,0.0,2025-04-02T10:40:56Z,2026-09-10T10:43:13Z,CJT1571 CJT1574 CJT9001,23,domestic,domestic
MCO,MIA,US,US,NA,NA,37,37,36.08,0.95,309.7,0.108,0.0,0.0,2025-04-02T13:40:06Z,2026-09-10T14:26:23Z,CSB925,3,?,charter
YYC,YEG,CA,CA,NA,NA,42,42,35.66,0.86,245.4,0.0,0.0,0.0,2025-04-02T16:24:07Z,2026-09-10T15:31:27Z,CJT918,21,domestic,domestic
YMX,YQM,CA,CA,NA,NA,28,28,35.3,1.26,725.6,1.0,0.0,0.036,2025-04-04T05:11:59Z,2026-09-10T05:14:18Z,CJT2001 CJT485 CJT624 CJT626 CJTT626,17,domestic,domestic
YHM,YHZ,CA,CA,NA,NA,18,18,34.99,1.94,1324.2,1.0,0.0,0.0,2025-04-02T05:43:46Z,2026-04-17T06:09:32Z,CJT566 CJT575 CJT622,8,domestic,domestic
MIA,MCO,US,US,NA,NA,37,37,33.57,0.88,309.7,1.0,0.0,0.0,2025-04-02T00:48:41Z,2026-09-03T00:16:59Z,CSB926,3,?,charter
MIA,SJU,US,PR,NA,NA,13,13,33.01,2.31,1682.1,0.923,0.0,0.077,2026-04-01T02:25:57Z,2026-09-10T10:31:14Z,CJT244 CSB231,1,acmi,acmi
CVG,SFO,US,US,NA,NA,7,7,31.82,4.58,3269.1,0.857,0.0,0.0,2026-07-29T10:43:54Z,2026-09-10T10:48:38Z,CSB805,1,?,charter
YQM,YYT,CA,CA,NA,NA,19,19,31.77,1.5,921.0,0.947,0.0,0.105,2026-04-01T19:56:07Z,2026-08-21T07:41:09Z,CJT620 CJT628,13,domestic,domestic
YMX,YHZ,CA,CA,NA,NA,13,13,31.73,2.69,828.1,0.846,0.0,0.538,2025-04-02T05:11:07Z,2026-08-15T18:27:55Z,CJT1893 CJT584 CJT619 CJT624 CJT626,9,domestic,domestic
SFO,CVG,US,US,NA,NA,7,7,29.24,4.16,3269.1,1.0,0.0,0.0,2026-07-29T02:38:54Z,2026-09-10T02:38:31Z,CSB2041 CSB405,1,?,charter
NLU,CVG,MX,US,NA,NA,8,8,27.87,3.53,2549.8,0.125,0.0,0.0,2025-04-06T16:40:35Z,2026-08-23T17:31:37Z,CJT2008 CJT906 CJT951,6,acmi,acmi
CVG,EMA,US,GB,NA,EU,3,3,21.82,7.2,6248.2,1.0,0.0,0.0,2025-04-12T07:19:38Z,2026-09-10T04:02:04Z,CJT317 CJT377,3,?,charter
YWG,YWG,CA,CA,NA,NA,14,27,20.47,1.55,0.0,0.0,0.0,0.071,2025-04-04T15:35:26Z,2026-08-21T15:25:54Z,CJT2484 CJT454 CJT462,7,domestic,domestic
MIA,KIN,US,JM,NA,NA,12,12,18.4,1.52,945.6,0.0,0.0,0.0,2026-04-01T15:02:52Z,2026-04-17T15:18:10Z,CJT921,4,acmi,acmi
YQM,YHM,CA,CA,NA,NA,8,8,17.9,2.24,1248.0,1.0,0.0,0.0,2025-04-03T00:12:16Z,2026-04-16T00:26:23Z,CJT620 CJT621,6,domestic,domestic
YHZ,YMX,CA,CA,NA,NA,10,10,16.72,1.65,828.1,1.0,0.0,0.0,2025-04-02T08:39:39Z,2026-04-15T08:43:51Z,CJT566 CJT575 CJT623,5,domestic,domestic
YVR,YEG,CA,CA,NA,NA,12,12,16.62,1.39,809.0,1.0,0.0,0.0,2025-04-05T02:49:59Z,2026-08-15T02:55:35Z,CJT554 CJT574,9,domestic,domestic
LIM,MIA,PE,US,SA,NA,2,2,16.45,8.22,4219.2,0.0,0.0,0.0,2026-09-03T11:20:17Z,2026-09-10T11:28:10Z,CJT1510,2,acmi,acmi
YEG,YVR,CA,CA,NA,NA,10,10,15.7,1.58,809.0,0.0,0.0,0.0,2025-04-05T12:18:13Z,2026-08-21T12:15:59Z,CJT555 CJT573,7,domestic,domestic
YQM,YHZ,CA,CA,NA,NA,22,22,14.63,0.66,164.5,1.0,0.0,0.0,2025-04-04T07:14:11Z,2026-04-15T07:20:25Z,CJT2001 CJT624 CJT626,13,domestic,domestic
YQM,YQM,CA,CA,NA,NA,6,12,13.97,2.33,0.0,1.0,0.0,0.0,2025-04-04T07:21:49Z,2025-08-22T07:56:53Z,CJT620 CJT621 CJT625,5,domestic,domestic
YYT,YQM,CA,CA,NA,NA,8,8,13.86,1.67,921.0,0.0,0.0,0.0,2026-04-01T21:29:53Z,2026-09-03T20:56:51Z,CJT621 CJT625,6,domestic,domestic
YHM,YYT,CA,CA,NA,NA,3,3,11.72,3.88,2166.9,1.0,0.0,0.0,2026-04-01T05:11:00Z,2026-09-10T05:17:48Z,CJT620,3,domestic,domestic
MIA,YHM,US,CA,NA,NA,4,4,11.18,2.8,1932.3,0.25,0.0,0.0,2025-04-12T07:09:07Z,2026-09-03T13:08:56Z,CJT3122 CJT3164 CJT3242 CJT9003,4,?,charter
YEG,YYC,CA,CA,NA,NA,13,13,11.16,0.86,245.4,0.846,0.0,0.0,2025-04-11T23:16:26Z,2026-09-02T23:54:33Z,CJT9002 CJT917 CJT918,9,domestic,domestic
MIA,LIM,US,PE,NA,SA,2,2,10.93,5.47,4219.2,1.0,0.0,0.0,2026-09-03T03:20:48Z,2026-09-10T04:05:53Z,CJT1507,2,acmi,acmi
BOG,MIA,CO,US,SA,NA,3,3,10.26,3.39,2435.2,0.667,0.0,0.0,2026-04-14T02:03:03Z,2026-08-24T15:59:09Z,CJT252 CJT3222 CSB254,2,acmi,acmi
DFW,SJK,US,BR,NA,SA,1,1,10.15,10.15,8269.0,1.0,0.0,0.0,2025-04-06T09:31:41Z,2025-04-06T09:31:41Z,CJT3188,1,?,charter
LGG,EWR,BE,US,EU,NA,1,1,9.65,9.65,5981.1,0.0,0.0,0.0,2026-07-14T13:54:58Z,2026-07-14T13:54:58Z,CJT3126,1,?,charter
MIA,EZE,US,AR,NA,SA,1,1,9.01,9.01,7119.2,0.0,0.0,0.0,2025-08-24T11:13:55Z,2025-08-24T11:13:55Z,CJT1557,1,acmi,acmi
CMH,YHM,US,CA,NA,NA,8,8,8.46,1.05,430.3,0.0,0.0,0.125,2025-04-07T17:50:13Z,2026-04-14T19:25:14Z,00000000 CJT3128 CJT3196 CJT3208 CJT3346,7,?,charter
EMA,CVG,GB,US,EU,NA,1,1,8.42,8.42,6248.2,1.0,0.0,0.0,2025-04-13T07:42:02Z,2025-04-13T07:42:02Z,CJT370,1,?,charter
MIA,DUB,US,IE,NA,EU,1,1,8.32,8.32,6693.0,0.0,0.0,0.0,2025-04-06T12:01:28Z,2025-04-06T12:01:28Z,CJT3189,1,?,charter
YEG,YHM,CA,CA,NA,NA,2,2,8.13,4.06,2702.6,1.0,0.0,0.0,2025-08-12T03:28:02Z,2026-08-05T04:00:50Z,CJT574,2,domestic,domestic
GYR,YHM,US,CA,NA,NA,2,2,7.78,3.89,3008.9,0.0,0.0,0.0,2026-04-17T18:29:18Z,2026-08-15T16:20:42Z,CJT9002 CJT9003,2,?,charter
CVG,HRL,US,US,NA,NA,3,3,7.69,2.55,1869.6,0.667,0.0,0.0,2025-04-08T10:59:07Z,2025-04-11T10:50:04Z,00000000,1,?,charter
YHM,YHM,CA,CA,NA,NA,2,4,7.67,3.83,0.0,1.0,0.0,0.0,2026-07-23T05:49:10Z,2026-09-03T06:10:22Z,CJT623,2,domestic,domestic
YHM,MMX,CA,SE,NA,EU,1,1,7.59,7.59,6371.1,0.0,0.0,0.0,2026-04-03T14:47:08Z,2026-04-03T14:47:08Z,CJT3121,1,?,charter
YEG,CVG,CA,US,NA,NA,2,2,7.37,3.68,2702.9,0.0,0.0,0.0,2025-04-18T18:10:53Z,2026-04-03T19:17:20Z,CJT1917,2,?,charter
YMX,YVR,CA,CA,NA,NA,1,1,7.09,7.09,3651.4,1.0,0.0,0.0,2025-08-12T03:55:28Z,2025-08-12T03:55:28Z,CJT567,1,domestic,domestic
MIA,POS,US,TT,NA,NA,2,2,7.06,3.53,2613.4,0.0,0.0,0.0,2026-07-14T20:11:18Z,2026-08-11T19:57:31Z,CJT261 CSB261,1,acmi,acmi
YHZ,YHM,CA,CA,NA,NA,3,3,6.91,2.31,1324.2,1.0,0.0,0.0,2025-08-25T07:13:45Z,2026-04-17T09:32:42Z,CJT623 CJT627,3,domestic,domestic
YHM,MIA,CA,US,NA,NA,2,2,6.55,3.27,1932.3,0.5,0.0,0.0,2025-04-15T04:43:10Z,2026-04-07T19:34:23Z,CJT9001 CJT9004,2,?,charter
LGG,YYT,BE,CA,EU,NA,1,1,5.92,5.92,4137.7,1.0,0.0,0.0,2026-04-13T04:34:59Z,2026-04-13T04:34:59Z,CJT1896,1,?,charter
YVR,YMX,CA,CA,NA,NA,1,1,5.81,5.81,3651.4,1.0,0.0,0.0,2025-08-12T02:38:46Z,2025-08-12T02:38:46Z,CJT570,1,domestic,domestic
YHM,YXE,CA,CA,NA,NA,1,1,5.66,5.66,2222.9,1.0,0.0,0.0,2025-08-12T05:20:23Z,2025-08-12T05:20:23Z,CJT571,1,domestic,domestic
YHM,LAX,CA,US,NA,NA,1,1,5.15,5.15,3465.6,0.0,0.0,0.0,2026-04-17T16:00:21Z,2026-04-17T16:00:21Z,CJT3129,1,?,charter
YHM,YEG,CA,CA,NA,NA,1,1,4.92,4.92,2702.6,1.0,0.0,0.0,2025-08-12T05:29:38Z,2025-08-12T05:29:38Z,CJT573,1,domestic,domestic
TLV,LGG,IL,BE,AS,EU,1,1,4.59,4.59,3177.8,0.0,0.0,0.0,2026-08-24T16:52:16Z,2026-08-24T16:52:16Z,CJT1894,1,charter,charter
YMX,DFW,CA,US,NA,NA,1,1,4.54,4.54,2422.4,0.0,0.0,0.0,2025-04-05T11:57:28Z,2025-04-05T11:57:28Z,CJT3187,1,?,charter
YYC,YYC,CA,CA,NA,NA,5,5,4.43,0.78,0.0,0.0,0.0,0.2,2026-08-21T20:30:03Z,2026-08-21T22:00:17Z,,1,domestic,domestic
YVR,CMH,CA,US,NA,NA,1,1,4.37,4.37,3305.7,0.0,0.0,0.0,2025-08-16T13:48:14Z,2025-08-16T13:48:14Z,CJT9001,1,?,charter
LGG,TLV,BE,IL,EU,AS,1,1,4.23,4.23,3177.8,1.0,0.0,0.0,2026-08-23T06:50:57Z,2026-08-23T06:50:57Z,CJT1893,1,charter,charter
GYR,BQK,US,US,NA,NA,1,1,4.05,4.05,2903.2,0.0,0.0,0.0,2025-07-24T16:47:39Z,2025-07-24T16:47:39Z,CJT9001,1,?,charter
CMH,GYR,US,US,NA,NA,1,1,3.9,3.9,2714.2,0.0,0.0,0.0,2025-07-30T15:13:45Z,2025-07-30T15:13:45Z,CJT9001,1,?,charter
YEG,LAX,CA,US,NA,NA,1,1,3.79,3.79,2187.1,0.0,0.0,0.0,2025-04-12T14:10:30Z,2025-04-12T14:10:30Z,CJT3197,1,?,charter
EWR,CVG,US,US,NA,NA,2,2,3.67,1.83,913.7,1.0,0.0,0.0,2025-04-05T03:25:10Z,2025-09-11T03:07:27Z,CSB441,2,?,charter
MIA,BOG,US,CO,NA,SA,1,1,3.38,3.38,2435.2,1.0,0.0,0.0,2026-08-24T10:51:36Z,2026-08-24T10:51:36Z,CSB253,1,acmi,acmi
CMH,YMX,US,CA,NA,NA,2,2,3.31,1.65,958.2,0.0,0.0,0.5,2025-04-02T18:36:07Z,2025-04-04T18:20:03Z,CJT3181 CJT3184,2,?,charter
SJO,SJU,CR,PR,NA,NA,1,1,3.1,3.1,2173.3,0.0,0.0,0.0,2025-04-06T19:43:54Z,2025-04-06T19:43:54Z,CJT3089,1,acmi,charter
CVG,EWR,US,US,NA,NA,2,2,3.08,1.54,913.7,1.0,0.0,0.0,2025-04-04T09:19:25Z,2025-09-11T09:07:31Z,CSB841,2,?,charter
YOW,YWG,CA,CA,NA,NA,1,1,2.53,2.53,1688.5,0.0,0.0,1.0,2026-04-10T13:43:05Z,2026-04-10T13:43:05Z,CJT470,1,domestic,domestic
MIA,CVG,US,US,NA,NA,1,1,2.49,2.49,1529.3,1.0,0.0,0.0,2025-04-16T00:35:39Z,2025-04-16T00:35:39Z,CSB926,1,?,charter
CMH,YQM,US,CA,NA,NA,1,1,2.48,2.48,1623.7,0.0,0.0,1.0,2025-04-14T13:03:11Z,2025-04-14T13:03:11Z,CJT3202,1,?,charter
YWG,YOW,CA,CA,NA,NA,1,1,2.45,2.45,1688.5,0.0,0.0,1.0,2026-04-11T14:50:21Z,2026-04-11T14:50:21Z,CJT462,1,domestic,domestic
YHZ,JFK,CA,US,NA,NA,1,1,2.45,2.45,961.0,1.0,0.0,0.0,2025-04-08T01:29:17Z,2025-04-08T01:29:17Z,CJT3190,1,?,charter
CVG,MIA,US,US,NA,NA,1,1,2.34,2.34,1529.3,1.0,0.0,0.0,2025-04-08T10:53:11Z,2025-04-08T10:53:11Z,CJT3190,1,?,charter
YMX,YYT,CA,CA,NA,NA,1,1,2.24,2.24,1633.8,1.0,0.0,0.0,2026-04-09T01:11:34Z,2026-04-09T01:11:34Z,CJT3103,1,domestic,domestic
LUZ,HHN,PL,DE,EU,EU,1,1,2.06,2.06,1098.1,1.0,0.0,0.0,2025-07-24T05:56:53Z,2025-07-24T05:56:53Z,CJT3296,1,?,charter
JFK,CVG,US,US,NA,NA,1,1,1.99,1.99,945.6,1.0,0.0,0.0,2025-04-08T06:21:05Z,2025-04-08T06:21:05Z,CJT3190,1,?,charter
CMH,BQK,US,US,NA,NA,1,1,1.81,1.81,980.2,0.0,0.0,0.0,2025-08-16T19:04:59Z,2025-08-16T19:04:59Z,CJT9001,1,?,charter
YYT,YHZ,CA,CA,NA,NA,1,1,1.7,1.7,880.5,0.0,0.0,0.0,2026-04-11T18:24:56Z,2026-04-11T18:24:56Z,CJT1895,1,domestic,domestic
CVG,YOW,US,CA,NA,NA,1,1,1.59,1.59,1016.8,0.0,0.0,0.0,2025-04-12T12:14:15Z,2025-04-12T12:14:15Z,CJT9002,1,?,charter
MIA,BQK,US,US,NA,NA,1,1,1.43,1.43,618.2,0.0,0.0,0.0,2025-04-13T13:52:52Z,2025-04-13T13:52:52Z,CJT9003,1,?,charter
YHZ,YYT,CA,CA,NA,NA,1,1,1.42,1.42,880.5,1.0,0.0,0.0,2026-04-07T09:32:38Z,2026-04-07T09:32:38Z,CJT628,1,domestic,domestic
YQM,YMX,CA,CA,NA,NA,1,1,1.42,1.42,725.6,1.0,0.0,0.0,2026-07-29T10:20:19Z,2026-07-29T10:20:19Z,CJT623,1,domestic,domestic
EMA,BRU,GB,BE,EU,EU,1,1,1.27,1.27,452.9,0.0,0.0,0.0,2026-09-10T12:42:39Z,2026-09-10T12:42:39Z,CJT377,1,?,charter
ATL,CVG,US,US,NA,NA,1,1,1.27,1.27,602.2,1.0,0.0,0.0,2025-04-03T07:46:15Z,2025-04-03T07:46:15Z,CJT919,1,?,charter
YXE,YYC,CA,CA,NA,NA,1,1,1.1,1.1,517.5,1.0,0.0,1.0,2025-08-12T02:13:31Z,2025-08-12T02:13:31Z,CJT1571,1,domestic,domestic
YHM,CMH,CA,US,NA,NA,1,1,1.07,1.07,430.3,0.0,0.0,0.0,2025-07-30T13:12:19Z,2025-07-30T13:12:19Z,CJT9001,1,?,charter
MCO,MCO,US,US,NA,NA,1,2,0.87,0.87,0.0,0.0,0.0,0.0,2025-04-08T14:28:02Z,2025-04-08T14:28:02Z,CSB925,1,?,charter
DUB,SNN,IE,IE,EU,EU,1,1,0.77,0.77,195.4,0.0,0.0,0.0,2025-04-06T21:27:21Z,2025-04-06T21:27:21Z,CJT3189,1,?,charter
SNN,DUB,IE,IE,EU,EU,1,1,0.72,0.72,195.4,0.0,0.0,0.0,2025-04-07T14:25:57Z,2025-04-07T14:25:57Z,CJT3190,1,?,charter
NLU,NLU,MX,MX,NA,NA,1,1,0.59,0.59,0.0,0.0,0.0,0.0,2025-09-11T14:22:38Z,2025-09-11T14:22:38Z,CJT952,1,acmi,charter
YVR,YVR,CA,CA,NA,NA,1,1,0.51,0.51,0.0,1.0,0.0,0.0,2026-08-21T05:36:39Z,2026-08-21T05:36:39Z,CJT2386,1,domestic,domestic
